{"cameraMode":{"drawMode":0,"name":"Shaded","section":"Shading Mode"},"sceneLighting":true,"audioPlay":false,"sceneViewState":{"showFog":true,"showMaterialUpdate":true,"showSkybox":true,"showFlares":true,"showImageEffects":true,"showParticleSystems":true},"in2DMode":false,"pivot":{"x":-3.8472907543182375,"y":2.1407573223114015,"z":5.453948020935059},"rotation":{"x":0.014659239910542965,"y":0.9749895334243774,"z":-0.211187943816185,"w":0.0676768571138382},"size":1.1645338535308838,"orthographic":false}