{"cameraMode":{"drawMode":0,"name":"Shaded","section":"Shading Mode"},"sceneLighting":false,"audioPlay":false,"sceneViewState":{"showFog":true,"showMaterialUpdate":true,"showSkybox":false,"showFlares":true,"showImageEffects":true,"showParticleSystems":true},"in2DMode":false,"pivot":{"x":2.9521098136901857,"y":0.9172916412353516,"z":-0.8444687128067017},"rotation":{"x":0.0004868349351454526,"y":0.9993772506713867,"z":-0.015301800332963467,"w":0.031791672110557559},"size":3.969513177871704,"orthographic":false}