{"cameraMode":{"drawMode":0,"name":"Shaded","section":"Shading Mode"},"sceneLighting":false,"audioPlay":false,"sceneViewState":{"showFog":true,"showMaterialUpdate":true,"showSkybox":false,"showFlares":true,"showImageEffects":true,"showParticleSystems":true},"in2DMode":false,"pivot":{"x":0.0005941390991210938,"y":1.1513853073120118,"z":0.011977612972259522},"rotation":{"x":-0.01899588480591774,"y":0.9569864273071289,"z":-0.2822554409503937,"w":-0.06440571695566178},"size":5.656991004943848,"orthographic":false}