{"cameraMode":{"drawMode":0,"name":"Shaded","section":"Shading Mode"},"sceneLighting":false,"audioPlay":false,"sceneViewState":{"showFog":true,"showMaterialUpdate":true,"showSkybox":false,"showFlares":true,"showImageEffects":true,"showParticleSystems":true},"in2DMode":false,"pivot":{"x":-7.247518539428711,"y":1.3708207607269288,"z":-4.840167045593262},"rotation":{"x":-0.002157367765903473,"y":0.9890626668930054,"z":-0.14676204323768617,"w":-0.014539501629769802},"size":4.703571796417236,"orthographic":false}