{"cameraMode":{"drawMode":0,"name":"Shaded","section":"Shading Mode"},"sceneLighting":true,"audioPlay":false,"sceneViewState":{"showFog":true,"showMaterialUpdate":true,"showSkybox":true,"showFlares":true,"showImageEffects":true,"showParticleSystems":true},"in2DMode":false,"pivot":{"x":-1.87117600440979,"y":-0.39535874128341677,"z":-4.225663185119629},"rotation":{"x":0.006560119334608316,"y":0.9933679103851318,"z":-0.08695210516452789,"w":0.07494401931762696},"size":11.341679573059082,"orthographic":false}